Contract,EntryPoint,TotaleFees,Bytes,Hash
Auction,start,434,102,opR1jHPVptwpz85cjkV5jKe2LhogvYwx6pCwyt1AJQdDom7DxL6
Auction,bid,7824,102,ooHdo1XzToSjXKXY8UuX2vWZQar6yCbqjgsRqPQZwkmTFeWQPdr
Auction,bid,9824,102,onpCCCTpNaYjBoRnFjBfwLk9ot87fum7dNStUjfExKznHE94HKQ
Auction,withdraw,535,103,opAJMXGfBZfhDYKCVHzbAzx4pKNVHm4VcPYCMpwAVEMBdeLHkXC
Auction,end,530,98,ooBveMZGX6erVCS7EpTKb9aiJrWkjKUcfdzHJqsvEMX8agCZUYh
HTLC,reveal,637,109,ooZiuNNGr9hciX5b3cykSxdyG7HjbqVYavbVsJAeJaP78vU2DgU
HTLC,timeout,630,102,oobv6WajN4hSdk55nQUKrUNTaDT1n7p7Bvdc1EcJDTPaLeaLYJF
SimpleTransfer,deposit,317,96,oo7eCxorobinNKAyms6gnwrzNr65nv8ZyuFQGFFyxP4jWXUzx63
SimpleTransfer,withdraw,534,103,opBZvHXGMKoccRAEepBuHJgsnDnMeFM2yazuDB6RVwcgEw2ZBbu
Vesting,release,533,102,ooC4hX9mUL2p9xwic6tzDReLHebX6oNugL5kEMrxHQNMDcGAeyf
OracleBet,deposit,20764,179,ooBYjLbz5KpBQoKY8ELPdV3VYxRHjAJbbffjgKqyLTkKvaKGcBs
OracleBet,deposit2,327,105,onmoMj1vSk6cWrB8pdzHB3dB9WFmAmt7oTJvAejXT5aPhF4fW3Z
OracleBet,election,7114,142,onwvPbnFk3gyZ9sn21ujQ1R5PxzAh5DicEbT6MQsqSikRzii2h7
OracleBet,withdraw,535,103,ooywuU2XSuJHpjxrgS5ej3q9SExvvLYJfafXx2JrprTXJpNCb67
OracleBet,deposit,20764,179,ooQ9hgHtnjm5BpU7nEqXRHwZitWHnczAnfdcyCVkCbky7TPLVDZ
OracleBet,deposit2,327,105,op2mp9rCV8QjeUKPN9wEEq9tfqn9dGBbwCNwjnGGWfFFnuBzmGF
OracleBet,election,7114,142,ooPiCRsSKoXbsU4oA2fwdtrVoTgdMV6aQzrJRPeLvaASRngpbfB
OracleBet,withdraw,535,103,onhZ7kNV9e4VMprLVkzBgGtj9sA2KXM2B8DQ7RgfxdN49ZLU93V
Auction,start,1949,100,onmcmEjCMtDgPSqcRgfM5WMnxMgRcZKbDZcL16wMyXTwGq8qg9q
Auction,bid,347,102,oo915jYJRtC9a7XVABSdwbtuwWaBh8R9axMuTAwX9qUfGRHzohj
Auction,withdraw,348,103,ooLaNSrJHdRaDQsXvArxwHuuU6nsUrF3eqoA2TFe1NUVf5eMZQS
Auction,end,530,98,opaRWaKk11XCNaztmLdmqqoiYxkbqRJfMFBjY9KYgJuQBnDWGn8
Auction,start,1949,100,op1tJ8DDfH6VXFyf6bEyQYon1A9fAX8feJ78cLQdp6hKpmfJBeY
Auction,bid,7846,101,ooPzeyVqUzFy1HML5uNQcQAcEvervTpDN8pPqxQdCXpKMSsPGji
Auction,withdraw,348,103,ooncFD5kUbGwXKrNeRGd937si5252xEirrw3CcAbn2kDaQuri3f
Auction,end,530,98,opYTEh1XDYGkntMgvgyDxpA8n5qsh8CBcUiSve7hYmDQ2SbK9ki
AnonymousData,store_data,18491,120,onsKZfrfHyagtsGZwKsckeogHQpb8XYjqXVjqwKxCrcYBGFLtpU
AnonymousData,store_data,18387,120,opS1AvuwaRqKtr85p2ePx7i8XZBttdinJ6PEmkRGYoRrDY6jaSg
AnonymousData,store_data,18387,120,oo9PHoQagKmwEAj2vy5vBkq8eWAqC5BNpZzPdNhdPVLKNRVNhsd
AnonymousData,store_data,18387,120,op7ZLMM8gVLF3vav2Q7QYfzGRVRTKEDCk8FMrd7sE94AmVy141R
Bet,join,7177,100,onrFyHvCBtirPAj5RwnfHmeWaMY9aiWKotbVpNd9iULjqQvEtfq
Bet,win,530,98,ong6kwv2b3FWFAW1vuDacCqB4e4cfkSCUUigFHXrFCXKJaC2Qra
Bet,join,7177,100,onvp4Zdkabme4nA8WHqXmVAWhkcU5jwWqrpZKZq1ibRzoTGQ9dU
Bet,win,530,98,oo6kFTLfnpQ6jD8GUFvMNDhGJJCkTLKbgv7Zyzzg6ui55pZHDke
Bet,timeout,639,102,op2FQ43MFQmp5SjWNsX56Qk6knhVm8tDGZvumrGpecVJwKFj5ok
Bet,join,7177,100,ookhEmXoeB3ngQe1ctbrpWHoJRnMPa84Mz4auFfn31cxZ6AHWaB
Bet,timeout,744,102,onfUhiEnaE1vd5ujsapyaagyfAuNABnf8ftFoR8nrSbW9xn2TkY
Crowdfund,donate,17234,102,oogJ3uvQ6ELvWbLDNh8rbwvuw21fZhoHqXbVdhVbY81U6HsSML3
Crowdfund,donate,17120,102,oo7Asjurpx6C6Eyia6Ynij7gfG96iRda9omdyVnnNaNjQDJERpQ
Crowdfund,withdraw,535,103,opaqZdpypyTBGZy77s4K59JqNseVYKMkWPYmTQQTCLpAVvRL4xr
Escrow,deposit,420,95,onkQPfPD2yvai4Ajnwkbrow1jrE3xba5C8VCjwkyKYV5xW8KEGz
Escrow,pay,529,98,opDDS2p14S7fpgDctXDW6dK8Zt56AcV2bDWNopA2bjDw2EJdYA8
Escrow,deposit,420,95,oofHFmRZrguYcBdzwp1DT3jsMshEK4ynMpzoe4zc6m1MLE4L8e8
Escrow,pay,529,98,opaC3dnPHQX4P1tCwucfwQK8WxyipEH5XomW19Gmx8YWDooRvKW
Escrow,deposit,420,95,ooZshnVTarfH7WQkiHtYxz7zy7p96Z7PymvnFPY4KP4RFBi5udh
Escrow,refund,532,101,op3HxKDqbMo1vy7uXQvw23cx61aKCjzPhPgnUSsspiWWeeXivop
Escrow,deposit,420,95,ooToAAcsrTdPtVbnscf4KX14qKc7UCcx4tnSG6oYj3Y3f2LYEFS
Escrow,pay,529,98,ooFJK2VCrxpRm9FKGCtRXedDZRpTjgDudthKvcWsaQXq65zgPXy
Escrow,deposit,420,95,opPiRndiJ9zXgCcYAdJuu31a8nVE72Mr6rx3PTk7Fbrrfm4PsDk
Escrow,refund,532,101,ooTop2r4xUvMnhEsBynJBqZkzmqKcC6SRz9K8TqVFrFpWsJ1hEt
PriceBet,join,7174,100,ooa1tGGQywp8mADesjRCdPEi5Q5XE7w1FpSUomNf1MyH9pd744R
PriceBet,join,7174,100,ooWVaZ2qwXXbtrk4jwyhyHSGatoJfi1kYg4cZU72aF1a7vdMwPN
PriceBet,timeout,534,102,oovmsrT3UexmpEqunhZSjsHcXrjkLyRuPx67YZcGQ8tvzLeo242
PriceBet,join,7174,100,oorCLUxMRsf8HqYEauDQQV4R7XRLTVArc32Ap49VxgEsxzNAvyh
PriceBet,win,643,98,ooXXGVnHLD7coGVRfW4pRgQy8fi1J3nKEdRGZLM5MdziXeX3guY
Factory,createProduct,24808,123,onjfK3aexP8jg8CxEjr77srGNDTjFxuQZUkqTjbgea73zEo1xsS
Factory,createProduct,7251,124,oodWEsGcS7XYw63NpNp4PKVD32AxkwsRpfEejtXQ6XKf3JcTsyF
Factory,createProduct,24700,120,opLSKYzKPXd3nNRXWxsY8sMNzgAzcFsFzsawU51bzwZsrbFjCTd
HTLC,timeout,632,102,ooBjvTjsYCeYtTxhnGoNHpZj9wwPYdFvEePfFoPdiQoKJwuKDR9
HTLC,reveal,639,108,ooSsziWjzp3Sj15fDP5mo6aS1T2N8FJXbLdkenJSCt15WiP453w
HTLC,timeout,632,102,ooZrVyjvqXyYk77vUW4CDyLy5vAorRMUzFkxmBMzRUUFYo1HUd9
SimpleTransfer,deposit,411,94,ooPGmtHCVqTVZX9v7SeeBwmT4J7EN6A4BcjnomUmws36ooZVxAN
SimpleTransfer,withdraw,534,103,ooaeS5piWUdKVmqktfQn1818SXFVzsKjY6Hp9w5dRQztAb9xjxK
Storage,storeBytes,2173,110,ooNk5CusrAfaoBzRAq2PbFG5315ViCeNwV7ScRbZMsj9Kh8DeW3
Storage,storeString,4843,122,oosUmcxR97Mt7BYj24zPA4Cf81ChzdWNj6R3M25G47j84B1atzT
PaymentSplitter,receive,452,103,oooHdyyMb7QdFGXAbszMitbLZScJCMykPFEuoZweP9MnD64dJKr
PaymentSplitter,release,18009,142,ontPzRwBg98UNgEbX614GtnWD4Gig2afVE1FveVRFaMp4zdydZH
PaymentSplitter,release,17759,142,ooctDFnxiAWK7X1TaqZ8ZWwoMvnvu85FR2Jqn2Tdot4priZVuse
SimpleWallet,deposit,424,95,oo6kZeeE44sJiqw6edMcyFgBkideP7siecXzfudyPFGUBWEPxP1
SimpleWallet,createTransaction,11143,171,onpQSfkkdLdrqo8rp67oFLRDr6RRgzWPKoZTh6D9F8PeDnJEqiR
SimpleWallet,executeTransaction,545,113,onzKHeDZ4t6jAYLkEJaCU1sJpcpChtR2CxJcRbk8nT5nTEhjXNo
SimpleWallet,withdraw,535,103,ooSizN6q8dcyV3SxTvLoTCdTN5j4Kn21jaoqrrfNYkhgx8AXQos
Vault,receive,435,102,opBR2BX2AhJmkdnDPKSH3XoLXEQ77PJ5scPetpM53cSVZPeeRBb
Vault,withdraw,8369,147,oobo4h53cTLNqoqNDNg4CA6uVgDy5pwSxHaF9fqrdtFoWA2Qi39
Vault,cancel,323,101,opPeVtRPn2RhcdL8vGZUgB8WjAW3Wn9Jzbn1tRGR4yvyGhqbVXo
Vault,withdraw,368,146,oooi4yXM8kLWb9yv1jcKsdwyWsFQU8P2Zrur9KyyyxEyfH6FvZQ
Vault,finalize,535,103,opSuJ3asaQg2JbqBLJaCNzN6SqstbEADx2zRCdTGS52qdGZDQ1P
Vesting,release,1145,102,onuWEnfirEUYA5oapFNZUstgpLkh1EwXkeUwiJRy86cpUNuzNAn
Vesting,release,544,102,opU4dsX7nRbgwDCrFn5yZuQPKVjJ9kNtewHjcFfkuXJZQioYvxw
Lottery,join0,16759,137,oo8hDTXCtuLTJeWx2wBstz9JnuMThh3wwamyf3Yg7iK8cakwssW
Lottery,join1,16359,137,onf7jwQrdsUTT68Afv23Uo9ZG6fqtgXoiwgFJ8ymPWf8LLHQs8c
Lottery,reveal0,1583,110,opa1bgBTQLwbMQj2hnBS9ogbmACJx5DK12pH4HTFeX1NTEiNKi2
Lottery,reveal1,1583,110,onxHAkf3y3w6sCJAi7AfGxa8JTUUVDrkuha3Jz777RoMRq89CNp
Lottery,win,7281,98,opabn4v5E4SBtyBbi72de9Ak71h3oKAT34yAbBUrpmTTX1tcjLC
Lottery,join0,16759,137,oomND2qFs5rwn4pAwayRmhm52yaYjyjJMerimqXSr6rbEavGU41
Lottery,join1,16359,137,ooPgCm1RZ1XgXWmtSnA3DA6952jJSbz3EoULzP5sYYMSdLFDrLM
Lottery,reveal0,1583,110,ooL8QexdPfFiMKc4QrMZoU42gGUc8dBvJdXjPU4DTw5uwEJ3dnC
Lottery,reveal1,1332,109,ooyUC1uVD1YynB6rTeSZemrwzDmgNDsjP2GxQWC8oFjhkQqUwzg
Lottery,win,7281,98,ooxr1DqBqRVt5rqMNcioPkZCiczuVwqPXzoDA3VxpLGyUuQyXeC
Lottery,join0,16759,137,oojkjFHMuApuj43Uo2aw1kUEpCxmrEQ4uFS7Z3Yjy5BHGpFRiJT
Lottery,redeem0_nojoin1,542,110,ooHY5GdqyFPzWJXeGjeMdhFtvEQAiQ2ranpGqHDwhK9JLjAvYTU
Lottery,join0,16759,137,opCkEgGquabCHcjzEDD4W31tUUBpymFEBtehnoy3Fq7vJgrXJ8M
Lottery,join1,16359,137,ooGhxDxLNhJvMwdPjyWKrffaR41jCVbxWVD7sbkWnnAK4mUZJPv
Lottery,redeem1_noreveal0,544,112,ooVWeG31UczFpEj8HMafRrZPVwC9kEbpxt3jCu8yNf6jVmSfJaz
Lottery,join0,16759,137,oo4vn6NnNWjH9r3nBmCxUHVAgk8sGxwCKVKygv3wv4xLwtUpBCv
Lottery,join1,16359,137,opakGAbyervUQTf7NDbBDPjaBX61CHpSGo2PDpvtKFDjCfwGntY
Lottery,reveal0,1583,110,op9jJJvbqBApE82EUCGMyujbDWgfp6sWoE8NDHXh7Sn9WjfUN8i
Lottery,redeem0_noreveal1,544,112,onsVSeKWoXfYkkXe4F89oFRzuZ83TDCsiEhcKLTrMUYY7mzbFpQ
Auction,start,1949,100,ooxtgdnF2brSaYjt462Lkxe4RLoo6apGLiABu5khcqaWBfw88HN
Auction,bid,7846,101,onsrWjfwcoBedHPnikHkXRZ1Mbvh9yZ57rzkSpSfxyQbrpLxJz1
Auction,withdraw,348,103,oob8fru8HkDrgoUpgBDpXDK7DpMVcXioNGGQF7RzNzxvTAdL7mF
Auction,end,530,98,oo68hdMERf8v9p75SJqQd3YzmLYZ3RJVwx37zEgeURJxhG5Ce5U
Auction,start,1949,100,ooZuRaG2VbF4xJHTzV3wjocV5wGrcaqEDZZuiNHy9JBWhizPyys
Auction,bid,7846,101,ootw8Zc38bGtnjYGnv2rNqR3EQ6FbufCp6TRHhVSbi1W1b89hBT
Auction,withdraw,348,103,onn45o5SpC3X8KUBBPnYKwJNre8aPYSWyeNhg2ahQttKX6VSvpb
Auction,end,530,98,oopAPosVim3bqqhAX6DqoihG5UjBG3q3XxKkGMNbmB9t1pYcHzZ
Auction,start,1949,100,ooBXtk34FR8vi2HHLtXDQV92SLS5iUonY2JGT5xaE9t5AaDS32j
Auction,bid,7846,101,opZfnoWLsw2yKTpFaa19noJn45SsL4NWna2Th5AbZCvxTUbjX3L
Auction,withdraw,348,103,opU64TjkUmcJggoyK54ptzRfJYtS1ZZfh3jxofKGSVRwnfWAkP6
Auction,end,530,98,oosKek5HxN7uDwCfoiJJDo9aFTS3ZoyHxxAwfwXKYssnbvWQZwP
